{"2318": "peace.fun", "2319": "pepdegener.txt", "2316": "partya.txt", "2317": "paul_har.sto", "2314": "panama.txt", "2315": "parotsha.txt", "2312": "oxfrog.txt", "2313": "paink-ws.txt", "2310": "omarsheh.txt", "2311": "outcast.dos", "298": "bureau.txt", "299": "burintrv.66", "296": "bulzork1.txt", "297": "bumm", "294": "bulprint.txt", "295": "bulwer.lytton", "292": "bulolli2.txt", "293": "bulphrek.txt", "290": "bulnoopt.txt", "291": "bulolli1.txt", "270": "bluebrd.txt", "271": "bookem.1", "272": "bookem2", "273": "bookem3", "274": "brain.damage", "275": "bram", "276": "bran", "277": "breaks1.asc", "278": "breaks2.asc", "279": "breaks3.asc", "2381": "silverb.txt", "2380": "sight.txt", "2268": "lionwar.txt", "2269": "lmermaid.txt", "2385": "snowmaid.txt", "2384": "snow.txt", "2387": "social.vikings", "2386": "snowqn1.txt", "2262": "lgoldbrd.txt", "2263": "life.txt", "2260": "ladylust.hum", "2261": "lament.txt", "2266": "lionmane.txt", "2267": "lionmosq.txt", "2264": "lil", "2265": "lionbird", "2442": "wisteria.txt", "2443": "withdraw.cyb", "2440": "weeprncs.txt", "2441": "whgdsreg.reg", "2446": "wolfcran.txt", "2447": "wolflamb.txt", "2444": "wlgirl.txt", "2445": "wolf7kid.txt", "2448": "wombat.und", "2449": "write", "2169": "fearmnky", "2168": "fear.hum", "2165": "fea1", "2164": "fantasy.txt", "2167": "fea3", "2166": "fea2", "2161": "fable.txt", "2160": "ezoff", "2163": "fantasy.hum", "2162": "fantas.hum", "238": "angry_ca.txt", "239": "antcrick.txt", "234": "altside.hum", "235": "aluminum.hum", "236": "aminegg.txt", "237": "angelfur.hum", "230": "aisle.six", "231": "aislesix.txt", "232": "alad10.txt", "233": "alissadl.txt", "2345": "quarter.c16", "2344": "quarter.c15", "2347": "quarter.c18", "2346": "quarter.c17", "2341": "quarter.c12", "2340": "quarter.c11", "2228": "hole2nar.txt", "2229": "holmesbk.txt", "2226": "hitch2.txt", "2227": "hitch3.txt", "2224": "hils", "2225": "history5.txt", "2222": "hellmach.txt", "2223": "helmfuse.txt", "2220": "healer.txt", "2221": "hell4.txt", "2121": "corcor.hum", "2120": "cooldark.txt", "2123": "crabhern.txt", "2122": "cow.exploder", "2125": "cum", "2124": "crazy.hum", "2127": "cybersla.txt", "2126": "curious.george", "2129": "dan", "2128": "dakota.txt", "2342": "quarter.c13", "2349": "quarter.c2", "2348": "quarter.c19", "24": "16.lws", "25": "17.lws", "26": "18.lws", "27": "19.lws", "21": "100west.txt", "22": "13chil.txt", "23": "14.lws", "28": "20.lws", "29": "3gables.txt", "2154": "enchdup.hum", "2155": "enginer.txt", "2156": "enya_trn.txt", "2157": "excerpt.hum", "2150": "empsjowk.txt", "2151": "empty.txt", "2152": "enc", "2153": "encamp01.txt", "2158": "excerpt.txt", "2159": "eyeargon.hum", "2408": "taxnovel.txt", "2409": "tcoa.txt", "2309": "obstgoat.txt", "2308": "non4", "2410": "tctac.txt", "2301": "nigel.5", "2300": "nigel.4", "2303": "nigel.7", "2302": "nigel.6", "2305": "nitepeek.sto", "2304": "nihgel_8.9", "2307": "non3", "2306": "non2", "2412": "telefone.txt", "2415": "textfile.primer", "2414": "testpilo.hum", "2288": "monksol.txt", "2289": "mouslion.txt", "2417": "the-tree.txt", "2280": "mcdonaldl.txt", "2281": "melissa.txt", "2282": "mike.txt", "2283": "mindprob.txt", "2284": "mindwar", "2285": "missing.txt", "2286": "modemhippy.txt", "2287": "monkking.txt", "245": "assorted.txt", "244": "asop", "247": "bagelman.txt", "246": "bagel.man", "241": "arcadia.sty", "240": "aquith.txt", "243": "arctic.txt", "242": "archive", "249": "beast.asc", "248": "batlslau.txt", "2275": "luf", "2274": "ltp", "2277": "mario.txt", "2276": "lure.txt", "2271": "long1-3.txt", "2270": "lmtchgrl.txt", "2273": "lrrhood.txt", "2272": "lpeargrl.txt", "2279": "mazarin.txt", "2278": "mattress.txt", "2395": "sqzply.txt", "2378": "shulk.txt", "2379": "sick-kid.txt", "2374": "safe", "2375": "sanpedr2.txt", "2376": "shoscomb.txt", "2377": "shrdfarm.txt", "2370": "roger1.txt", "2371": "running.txt", "2372": "s&m_plot", "2373": "s&m_that", "2451": "yukon.txt", "2450": "wrt", "2452": "zombies.txt", "2199": "gay", "2118": "contrad1.hum", "2119": "cooldark.sto", "2110": "charlie.txt", "2111": "chik", "2112": "clevdonk.txt", "2113": "clon", "2114": "cmoutmou.txt", "2115": "comp", "2116": "confilct.fun", "2117": "consumdr.hum", "11": "SREsre01.txt", "13": "SREsre03.txt", "12": "SREsre02.txt", "15": "SREsre05.txt", "14": "SREsre04.txt", "17": "SREsre07.txt", "16": "SREsre06.txt", "19": "SREsre09.txt", "18": "SREsre08.txt", "2239": "idi.hum", "2238": "how.ernie.bert", "2332": "progx", "2333": "psf.txt", "2334": "psi", "2335": "psyc", "2336": "pussboot.txt", "2337": "qcarroll", "2231": "hop-frog.poe", "2230": "home.fil", "2233": "horswolf.txt", "2232": "horsdonk.txt", "2235": "hotline3.txt", "2234": "hotline1.txt", "2237": "hound-b.txt", "2236": "hotline4.txt", "2185": "fourth.fic", "228": "aesopa10.txt", "225": "advsayed.txt", "224": "adv_alad.txt", "2383": "sleprncs.txt", "2382": "sis", "2248": "jackmac.fic", "2249": "jaynejob.asc", "2244": "imonly17.txt", "2245": "inter", "2246": "island.poe", "2247": "jackbstl.txt", "2240": "igiv", "2241": "imagin.hum", "2242": "immortal", "2243": "immorti.hum", "2389": "solitary.txt", "2388": "socialvikings.txt", "2214": "greedog.txt", "2147": "elveshoe.txt", "2146": "elite.app", "2145": "dwar", "2144": "dtruck.txt", "2143": "dskool.txt", "2142": "dopedenn.txt", "2141": "domain.poe", "2140": "discocanbefun.txt", "2419": "timem.hac", "2418": "thewave", "2149": "empnclot.txt", "2148": "emperor3.txt", "2411": "tearglas.txt", "2413": "terrorbears.txt", "2299": "nigel.3", "2298": "nigel.2", "2293": "mydream.txt", "2292": "musibrem.txt", "2291": "musgrave.txt", "2290": "mtinder.txt", "2297": "nigel.10", "2296": "nigel.1", "2295": "narciss.txt", "2294": "myeyes", "2190": "fran", "2191": "fred.txt", "2192": "freeman.fil", "2193": "friend.s", "2194": "friends.txt", "2195": "frogp.txt", "2196": "frum", "2197": "game.txt", "252": "bern", "253": "berternie.txt", "250": "beautbst.txt", "251": "beggars.txt", "256": "bgb.txt", "257": "bgcspoof.txt", "254": "bestwish", "255": "beyond.hum", "2200": "gemdra.txt", "2201": "ghost", "2202": "girl", "2203": "girlclub.txt", "2204": "glimpse1.txt", "2205": "gloves.txt", "2206": "gold3ber.txt", "2207": "goldbug.poe", "2208": "goldenp.txt", "2209": "goldfish.txt", "2404": "szechuan", "2405": "t_zone.jok", "2369": "rocket.sf", "2368": "rock", "2367": "robotech", "2366": "rid.txt", "2365": "retrib.txt", "2364": "redragon.txt", "2363": "reap", "2362": "reality.txt", "2361": "rainda.txt", "2360": "radar_ra.txt", "2428": "uglyduck.txt", "2429": "unluckwr.txt", "2400": "stsgreek", "2343": "quarter.c14", "2420": "times.fic", "2421": "timetrav.txt", "2422": "tin", "2401": "sucker.txt", "2424": "toilet.s", "2425": "traitor.txt", "2426": "tree.txt", "2427": "tuc_mees", "2416": "thanksg", "2109": "ccm.txt", "2108": "cardcnt.txt", "2103": "burn", "2102": "burltrs", "2101": "burintrv.92", "2100": "burintrv.78", "2107": "candle.hum", "2106": "campfire.txt", "2105": "cameloto.hum", "2104": "cabin.txt", "2436": "vgilante.txt", "216": "6ablemen.txt", "217": "6napolen.txt", "214": "4moons.txt", "215": "5orange.txt", "212": "3student.txt", "213": "3wishes.txt", "210": "3lpigs.txt", "211": "3sonnets.vrs", "218": "7oldsamr.txt", "219": "7voysinb.txt", "2323": "piracy.sto", "2322": "pinocch.txt", "2321": "perf", "2320": "pepsi.degenerat", "2327": "poem-4.txt", "2326": "poem-2.txt", "2325": "poem-1.txt", "2324": "plescopm.txt", "2329": "pphamlin.txt", "2328": "poplstrm.txt", "289": "bulnland.txt", "288": "bulmrx.txt", "281": "buggy.txt", "280": "bruce-p.txt", "283": "buldream.txt", "282": "buldetal.txt", "285": "bulhuntr.txt", "284": "bulfelis.txt", "287": "bullove.txt", "286": "bulironb.txt", "263": "blackrdr", "262": "blackp.txt", "261": "blabnove.txt", "260": "blabnove.hum", "267": "blind.txt", "266": "blh.txt", "265": "blasters.fic", "264": "blak", "269": "blue", "268": "blossom.pom", "258": "bigred.hum", "2396": "sre-dark.txt", "2397": "stainles.ana", "2394": "spiders.txt", "259": "bishop00.txt", "2392": "spectacl.poe", "2393": "spider.txt", "2259": "kzap.txt", "2258": "korea.s", "2257": "knuckle.txt", "2256": "kneeslapper.txt", "2255": "kneeslapper", "2254": "kharian.txt", "2253": "keepmodu.txt", "2252": "keeping.insanit", "2251": "jim.asc", "2250": "jerichms.hum", "115": "SREsrex.txt", "2198": "gatherng.txt", "111": "SREsre_feqh.txt", "110": "SREsre10.txt", "113": "SREsre_sei.txt", "112": "SREsre_finl.txt", "2172": "fic2", "2173": "fic3", "2170": "fgoose.txt", "2171": "fic1", "2176": "fic7", "2177": "fish.txt", "2174": "fic4", "2175": "fic5", "2178": "fleas.txt", "2179": "flktrp.txt", "2390": "space.txt", "2391": "spam.key", "2398": "stairdre.txt", "2406": "tailbear.txt", "2399": "startrek.txt", "2407": "tao3.dos", "2330": "pregn.txt", "2331": "prince.art", "2183": "flytrunk.txt", "2182": "flute.txt", "2181": "floobs.txt", "2180": "floc", "2187": "foxncrow.txt", "2186": "fowl.death", "229": "aircon.txt", "2184": "forgotte", "227": "aesop11.txt", "226": "advtthum.txt", "2189": "foxnstrk.txt", "2188": "foxngrap.txt", "223": "adler.txt", "222": "abyss.txt", "221": "abbey.txt", "220": "ab40thv.txt", "2213": "greatlrn.leg", "2212": "graymare.txt", "2211": "grav", "2210": "goldgoos.txt", "2217": "hareleph.txt", "2216": "hansgrtl.txt", "2215": "gulliver.txt", "114": "SREsretrade.txt", "2219": "haretort.txt", "2218": "hareporc.txt", "2402": "sunday.txt", "2338": "quarter.c1", "2358": "quickfix", "2359": "quot", "2339": "quarter.c10", "2352": "quarter.c5", "2353": "quarter.c6", "2350": "quarter.c3", "2351": "quarter.c4", "2356": "quarter.c9", "2357": "quest", "2354": "quarter.c7", "2355": "quarter.c8", "2439": "weaver.txt", "2438": "wanderer.fun", "2433": "vampword.txt", "2432": "valen", "2431": "vainsong.txt", "2430": "vaincrow.txt", "2437": "wall.art", "2403": "superg1", "2435": "veiledl.txt", "2434": "vday.hum", "2136": "diaryflf.txt", "2137": "dicegame.txt", "2134": "deer.txt", "2135": "descent.poe", "2132": "deal", "2133": "deathmrs.d", "2130": "darkness.txt", "2131": "day.in.mcdonald", "2138": "dicksong.txt", "2139": "disco.be.fun", "2423": "tinsoldr.txt"}